Feature_Set,Motif,Specific_Impact,Random_Mean,Random_Std,Z_Score,Percentile,P_Value,Significant
Feedback Loop,Cascade,-1.7898167536783915e-05,-8.650882838923055e-07,9.89691387686753e-06,-1.721049557953994,5.0,4.2960635554285675e-07,True
Feedback Loop,Feedforward Loop,1.018967718105783e-05,4.8143942125842916e-06,3.875231971932536e-05,0.13870867621359304,70.0,0.5525861117500788,False
Feedback Loop,Single Input Module,-7.079293669302014e-05,-8.670377377359227e-06,4.728331926701326e-05,-1.3138366823371492,5.0,1.610739375060727e-05,True
Feedback Loop,Feedback Loop,0.00015749003494846514,-1.129626419955074e-05,2.1941323068126595e-05,7.692621754118645,100.0,2.267725711845509e-18,True
Single Input Module,Cascade,-5.987786798573426e-06,-4.257873866200387e-06,1.2880888478367989e-05,-0.13430074604544823,25.0,0.5651653970982076,False
Single Input Module,Feedforward Loop,7.576127264703508e-05,-4.26068568889488e-07,1.5695992565987522e-05,4.853935862649359,100.0,1.1421365428634212e-14,True
Single Input Module,Single Input Module,-5.163621812655534e-05,-1.2758397323137533e-05,4.6651255200921855e-05,-0.8333713773825653,10.0,0.0017720453402892723,True
Single Input Module,Feedback Loop,7.311449237250429e-05,-9.044037161965588e-06,1.7434659753072167e-05,4.712367817788512,100.0,1.959808891643031e-14,True
