{
  "hidden_dim": 80,
  "dropout": 0.30000000000000004,
  "learning_rate": 0.03562694240136851
}