{
  "best_trial_number": 0,
  "best_validation_loss": 0.00266238278709352,
  "hyperparameters": {
    "hidden_dim": 56,
    "num_heads": 8,
    "dropout": 0.4,
    "learning_rate": 0.0024810409748678114,
    "batch_size": 128
  },
  "motif_metrics": {
    "train": {
      "feedforward_loop": {
        "mse": [
          0.005506172776222229,
          0.00511386152356863,
          0.00400536647066474,
          0.0017037179786711931,
          0.0038350175600498915,
          0.0026667050551623106,
          0.00196068431250751,
          0.00486403051763773,
          0.007728336378931999,
          0.002949747024103999,
          0.0040594348683953285,
          0.005271411035209894,
          0.0044077616184949875,
          0.0032380588818341494,
          0.0053410776890814304,
          0.0059256721287965775,
          0.0061257220804691315,
          0.004649298265576363,
          0.003444582922384143,
          0.0043167974799871445,
          0.006669329479336739,
          0.005030441097915173,
          0.005257750395685434,
          0.004853826481848955,
          0.004465531557798386
        ],
        "mae": [
          0.053077250719070435,
          0.05461501330137253,
          0.04645862057805061,
          0.030980253592133522,
          0.040986184030771255,
          0.033240266144275665,
          0.032666631042957306,
          0.047960128635168076,
          0.06680524349212646,
          0.040740497410297394,
          0.042872581630945206,
          0.052325885742902756,
          0.04448207467794418,
          0.041542407125234604,
          0.05407268553972244,
          0.056304045021533966,
          0.05444004759192467,
          0.04638732224702835,
          0.041909851133823395,
          0.04499731957912445,
          0.05771534889936447,
          0.0508849211037159,
          0.051517222076654434,
          0.049695760011672974,
          0.045887961983680725
        ],
        "mean_mse": 0.004535613423213363,
        "mean_mae": 0.04730262093245983,
        "std_mse": 0.0013749384852414757,
        "std_mae": 0.008186413936318748
      },
      "feedback_loop": {
        "mse": [
          0.0032264594919979572,
          0.0014374431921169162,
          0.0030575355049222708,
          0.004382970277220011,
          0.004129102919250727,
          0.0039300075732171535,
          0.0035502812825143337,
          0.004700446501374245,
          0.003714232938364148,
          0.002711743116378784,
          0.006219290196895599,
          0.002070146845653653,
          0.0043656788766384125,
          0.0030646375380456448,
          0.0037188176065683365,
          0.0030973502434790134,
          0.0030634920112788677,
          0.003418284235522151,
          0.00235252664424479,
          0.0029883442912250757,
          0.0032009577844291925,
          0.004627782851457596,
          0.0019760807044804096,
          0.0020473364274948835,
          0.002931111492216587
        ],
        "mae": [
          0.04000912979245186,
          0.027586666867136955,
          0.04238917678594589,
          0.04983402043581009,
          0.04577293619513512,
          0.04898464307188988,
          0.044248297810554504,
          0.05246104300022125,
          0.044962141662836075,
          0.038214195519685745,
          0.06201770156621933,
          0.032647404819726944,
          0.048631440848112106,
          0.03947184979915619,
          0.04732368513941765,
          0.04214342311024666,
          0.03828934580087662,
          0.03985089063644409,
          0.03253628686070442,
          0.03989791497588158,
          0.040715545415878296,
          0.050979435443878174,
          0.031305208802223206,
          0.033200521022081375,
          0.04173469543457031
        ],
        "mean_mse": 0.0033592824218794705,
        "mean_mae": 0.04220830403268337,
        "std_mse": 0.0010194517946408522,
        "std_mae": 0.007553009271730419
      },
      "single_input_module": {
        "mse": [
          0.001689150813035667,
          0.003973705694079399,
          0.0031978909391909838,
          0.0026285541243851185,
          0.004055066499859095,
          0.00200647278688848,
          0.0017246212810277939,
          0.0015985409263521433,
          0.00378940487280488,
          0.00402632774785161,
          0.0021279160864651203,
          0.007377514149993658,
          0.003521343693137169,
          0.0023886070121079683,
          0.0038967847358435392,
          0.0045436592772603035,
          0.0011970811756327748,
          0.00806397944688797,
          0.004401224199682474,
          0.00255975010804832,
          0.001713638543151319,
          0.0034192735329270363,
          0.004453931003808975,
          0.006024506408721209,
          0.004082926549017429
        ],
        "mae": [
          0.02278321050107479,
          0.03387034684419632,
          0.03274600952863693,
          0.03005864843726158,
          0.033787865191698074,
          0.024278543889522552,
          0.02566012553870678,
          0.0225011445581913,
          0.030680673196911812,
          0.033508095890283585,
          0.022682717069983482,
          0.046815332025289536,
          0.032635726034641266,
          0.02688760682940483,
          0.03395887464284897,
          0.03438951447606087,
          0.019384339451789856,
          0.05057520046830177,
          0.03493305295705795,
          0.03126295655965805,
          0.024714192375540733,
          0.027516916394233704,
          0.03254013508558273,
          0.038607049733400345,
          0.034885942935943604
        ],
        "mean_mse": 0.0035384748643264175,
        "mean_mae": 0.03126656882464886,
        "std_mse": 0.0016974622490858976,
        "std_mae": 0.007093000456493164
      },
      "cascade": {
        "mse": [
          0.004068178124725819,
          0.003669302212074399,
          0.0030140054877847433,
          0.0039003498386591673,
          0.004706346429884434,
          0.0041841771453619,
          0.004709639120846987,
          0.004592003766447306,
          0.003782204817980528,
          0.0039954171516001225,
          0.003441800829023123,
          0.003461595159024,
          0.004964393563568592,
          0.004950608126819134,
          0.004943471401929855,
          0.005909007508307695,
          0.0034703926648944616,
          0.004098652396351099,
          0.004763700067996979,
          0.005187136121094227,
          0.0038803822826594114,
          0.0034681158140301704,
          0.003705618903040886,
          0.003637048415839672,
          0.003850337117910385
        ],
        "mae": [
          0.04431286081671715,
          0.04631715640425682,
          0.042507048696279526,
          0.050351131707429886,
          0.05199804902076721,
          0.04985494166612625,
          0.05932384356856346,
          0.05753711238503456,
          0.05200823023915291,
          0.04930834844708443,
          0.04333954676985741,
          0.04843806102871895,
          0.05839769169688225,
          0.055323269218206406,
          0.05507928878068924,
          0.06064329296350479,
          0.0443132184445858,
          0.05034961923956871,
          0.055767033249139786,
          0.05897648632526398,
          0.046294961124658585,
          0.044330451637506485,
          0.0482504740357399,
          0.04579360410571098,
          0.04586052894592285
        ],
        "mean_mse": 0.004174155378714204,
        "mean_mae": 0.05058705002069473,
        "std_mse": 0.000680076579061352,
        "std_mae": 0.0055158779221883775
      }
    },
    "val": {
      "feedforward_loop": {
        "mse": [
          0.007746539544314146,
          0.0028272836934775114,
          0.004350848030298948,
          0.0046001942828297615
        ],
        "mae": [
          0.06607361137866974,
          0.0358566977083683,
          0.047862708568573,
          0.04418675974011421
        ],