{
  "best_trial_number": 17,
  "best_validation_loss": 0.0027936906221189667,
  "hyperparameters": {
    "hidden_dim": 144,
    "dropout": 0.25,
    "learning_rate": 0.028505322089850224,
    "batch_size": 64
  },
  "motif_metrics": {
    "train": {
      "feedforward_loop": {
        "mse": [
          0.005237271077930927,
          0.005374796688556671,
          0.004271829035133123,
          0.0018082265742123127,
          0.0037966598756611347,
          0.002834960352629423,
          0.0019953984301537275,
          0.004804384894669056,
          0.007503862027078867,
          0.003081320319324732,
          0.004039692226797342,
          0.004731230903416872,
          0.004132329020649195,
          0.003119959495961666,
          0.005385187454521656,
          0.005382358096539974,
          0.006465820595622063,
          0.004906579852104187,
          0.00312046823091805,
          0.0038914314936846495,
          0.00663139158859849,
          0.004741406533867121,
          0.004990156274288893,
          0.004765364807099104,
          0.004759412724524736
        ],
        "mae": [
          0.05456104502081871,
          0.05911809951066971,
          0.04622826352715492,
          0.031170586124062538,
          0.04237072169780731,
          0.035090040415525436,
          0.03185751661658287,
          0.04931557551026344,
          0.06699942797422409,
          0.04197445511817932,
          0.04366903752088547,
          0.05035926774144173,
          0.04483509808778763,
          0.040728457272052765,
          0.05338997766375542,
          0.0522838719189167,
          0.05788726732134819,
          0.04893602430820465,
          0.039323825389146805,
          0.04429028928279877,
          0.0609988234937191,
          0.04577155038714409,
          0.05026060342788696,
          0.04976993054151535,
          0.04594925791025162
        ],
        "mean_mse": 0.0044708599429577585,
        "mean_mae": 0.04748556055128574,
        "std_mse": 0.0013327164837632823,
        "std_mae": 0.008515956980064132
      },
      "feedback_loop": {
        "mse": [
          0.0034840393345803022,
          0.001614103908650577,
          0.003281117184087634,
          0.004708846565335989,
          0.004369284957647324,
          0.0038006026297807693,
          0.003238133154809475,
          0.004409915767610073,
          0.0033011487685143948,
          0.0029778573662042618,
          0.006303494330495596,
          0.0021623054053634405,
          0.004480318631976843,
          0.0032756829168647528,
          0.003737843129783869,
          0.0033709786366671324,
          0.0034622359089553356,
          0.0034229333978146315,
          0.002609206596389413,
          0.0028805057518184185,
          0.0030860877595841885,
          0.0048261662013828754,
          0.0016815717099234462,
          0.001594644389115274,
          0.003079446032643318
        ],
        "mae": [
          0.0412021242082119,
          0.029700564220547676,
          0.04303563013672829,
          0.051303863525390625,
          0.04887392744421959,
          0.048579953610897064,
          0.0426776260137558,
          0.05179142579436302,
          0.044239480048418045,
          0.04114217311143875,
          0.06219286471605301,
          0.03393290191888809,
          0.05061331018805504,
          0.039527829736471176,
          0.045733507722616196,
          0.044548776000738144,
          0.041778333485126495,
          0.04074598103761673,
          0.03454532101750374,
          0.03856514021754265,
          0.04141427204012871,
          0.05236124247312546,
          0.028259994462132454,
          0.02929508686065674,
          0.04194474220275879
        ],
        "mean_mse": 0.0034063388174399734,
        "mean_mae": 0.04272024288773537,
        "std_mse": 0.0010557209217011208,
        "std_mae": 0.0077965878936729965
      },
      "single_input_module": {
        "mse": [
          0.0016219709068536758,
          0.0038532789330929518,
          0.0033148485235869884,
          0.0025311794597655535,
          0.004143723286688328,
          0.0019106616964563727,
          0.0014573759399354458,
          0.001631535473279655,
          0.003423465881496668,
          0.0038698993157595396,
          0.0021440256386995316,
          0.00742721650749445,
          0.002985761035233736,
          0.002406603191047907,
          0.0038658464327454567,
          0.004638537298887968,
          0.0012510039377957582,
          0.00824954267591238,
          0.004163619130849838,
          0.0024986553471535444,
          0.0017224214971065521,
          0.0036501705180853605,
          0.004268813878297806,
          0.0058580730110406876,
          0.004444599151611328
        ],
        "mae": [
          0.021169498562812805,
          0.0353010930120945,
          0.0324859544634819,
          0.031092647463083267,
          0.03541101887822151,
          0.02667032741010189,
          0.024039410054683685,
          0.023277251049876213,
          0.029243269935250282,
          0.03543190285563469,
          0.022587262094020844,
          0.046082623302936554,
          0.029161415994167328,
          0.027516447007656097,
          0.03384612128138542,
          0.03480031341314316,
          0.019532183185219765,
          0.05121016502380371,
          0.03361150994896889,
          0.030676191672682762,
          0.024161577224731445,
          0.030257122591137886,
          0.03314940258860588,
          0.04058437421917915,
          0.03853455185890198
        ],
        "mean_mse": 0.0034933131467550995,
        "mean_mae": 0.031593345403671265,
        "std_mse": 0.0017298240370678933,
        "std_mae": 0.0073792817372485935
      },
      "cascade": {
        "mse": [
          0.004061155486851931,
          0.0035760081373155117,
          0.003193412907421589,
          0.0037287152372300625,
          0.004675731528550386,
          0.004416346549987793,
          0.004624663852155209,
          0.004314935300499201,
          0.0038120606914162636,
          0.00436432147398591,
          0.0035726248752325773,
          0.0038277856074273586,
          0.004800963215529919,
          0.004581359680742025,
          0.004834660328924656,
          0.0061986083164811134,
          0.0033048558980226517,
          0.0037469561211764812,
          0.005014889873564243,
          0.005339073948562145,
          0.0037569503765553236,
          0.00423143245279789,
          0.003750344505533576,
          0.0033170110546052456,
          0.0041044931858778
        ],
        "mae": [
          0.0466996468603611,
          0.04725535586476326,
          0.04642260819673538,
          0.04762713238596916,
          0.05344364419579506,
          0.051534123718738556,
          0.05871395394206047,
          0.05489890277385712,
          0.05214314162731171,
          0.05099162086844444,
          0.04575072601437569,
          0.04995396360754967,
          0.05775614082813263,
          0.054161205887794495,
          0.054457392543554306,
          0.06237465888261795,
          0.04326828569173813,
          0.04797430709004402,
          0.05767148360610008,
          0.060648832470178604,
          0.04679414629936218,
          0.04927888885140419,
          0.04990144073963165,
          0.04528498649597168,
          0.04750018194317818
        ],
        "mean_mse": 0.004205974424257875,
        "mean_mae": 0.05130027085542679,
        "std_mse": 0.0006893343241179922,
        "std_mae": 0.005074625312582562
      }
    },
    "val": {
      "feedforward_loop": {
        "mse": [
          0.00775406789034605,
          0.002246831776574254,
          0.004046861547976732,
          0.004677860531955957
        ],
        "mae": [
          0.06601731479167938,
          0.0331609807908535,
          0.046690743416547775,
          0.04878869280219078
        ],