Feature_Set,Motif,N_Features,Specific_Impact,Random_Mean,Random_Std,Z_Score,Percentile,P_Value,Significant
Feedback Loop,Cascade,17,-0.00012033751848556142,-2.9311373732432877e-07,4.201894637176333e-07,-285.691134866025,0.0,5.874695254259217e-245,True
Feedback Loop,Feedforward Loop,17,-5.885464467491145e-06,4.121896910539956e-08,3.0241525626191193e-07,-19.59783216579404,0.0,8.300117788059124e-130,True
Feedback Loop,Feedback Loop,17,0.0028464371126307553,1.0938954536951023e-06,1.6143480827423908e-06,1762.5338968678327,100.0,4e-323,True
Feedback Loop,Single Input Module,17,-3.972605466570916e-06,-9.793308241309465e-08,1.7427319739787384e-07,-22.233323551824004,0.0,3.2105267663711233e-135,True
Single Input Module,Cascade,13,-0.0001111889543831066,-1.7223456575730057e-07,3.020991728797286e-07,-367.48435541578647,0.0,8.794710023269866e-256,True
Single Input Module,Feedforward Loop,13,6.953909326751518e-06,2.4821344168787833e-08,2.3674327178820237e-07,29.268362856713832,100.0,5.066975366948345e-147,True
Single Input Module,Feedback Loop,13,0.0016499932480839108,9.603101786312786e-07,1.5888631109711224e-06,1037.8697362401354,100.0,2.0177345725498902e-300,True
Single Input Module,Single Input Module,13,8.61527287873528e-06,-5.304708630709293e-08,1.3723013316028902e-07,63.166301492380754,100.0,4.4630573421000906e-180,True
