Feature_Set,Motif,N_Features,Specific_Impact,Random_Mean,Random_Std,Z_Score,Percentile,P_Value,Significant
Feedback Loop,Cascade,58,9.015674364414041e-06,-2.156583982397401e-06,2.1071777584112975e-06,5.302000888256692,100.0,2.2653536852891567e-15,True
Feedback Loop,Feedforward Loop,58,2.2844770643730165e-06,2.9120326718487945e-07,5.161616037041554e-07,3.8617242795351503,100.0,7.127639232527931e-13,True
Feedback Loop,Feedback Loop,58,0.00023171963447096366,1.333895120618223e-05,0.00014558656212056056,1.500005770339847,90.0,2.917414057086322e-06,True
Feedback Loop,Single Input Module,58,-4.202473578562622e-07,5.718336024496572e-07,1.0368272653418075e-06,-0.9568430475049893,0.0,0.0005187731796518251,True
Single Input Module,Cascade,25,3.7882000562630857e-06,-1.0210699384127603e-06,1.7946366342116679e-06,2.679801528061651,100.0,4.078425655825613e-10,True
Single Input Module,Feedforward Loop,25,-1.6550842590323574e-07,1.238481930305097e-07,3.0446475830607807e-07,-0.9503780356833796,10.0,0.0005532352670470546,True
Single Input Module,Feedback Loop,25,8.471302091051547e-05,1.7042995655126244e-05,0.00010263426532872924,0.6593317060208655,75.0,0.009718592178525874,True
Single Input Module,Single Input Module,25,-1.9881744896226838e-07,2.7931177060034746e-07,7.022654882585845e-07,-0.6808382692252728,15.0,0.007906741858036094,True
