Feature_Set,Motif,N_Features,Specific_Impact,Random_Mean,Random_Std,Z_Score,Percentile,P_Value,Significant
Feedback Loop,Cascade,17,-2.9188860496805384e-05,5.486363890826523e-08,2.4372800980415643e-06,-11.99850774607808,0.0,8.357820242172211e-109,True
Feedback Loop,Feedforward Loop,17,4.821493029463892e-05,-1.7078425563925243e-08,1.2003947504093988e-06,40.1801230001657,100.0,1.2380294669555771e-160,True
Feedback Loop,Feedback Loop,17,0.000160542796409035,2.3970694100058637e-06,5.0795289681422815e-06,31.133935447732515,100.0,1.12437371565731e-149,True
Feedback Loop,Single Input Module,17,1.620891485158167e-05,-1.3795510954769732e-06,3.901913303069161e-06,4.507651652132798,100.0,1.3783701390649505e-67,True
Single Input Module,Cascade,13,-1.8690494658725472e-05,-3.007407641747864e-07,2.266025744214285e-06,-8.115421433981586,0.0,3.634766289115211e-92,True
Single Input Module,Feedforward Loop,13,1.943125262934532e-05,1.3802735345050594e-07,1.1503181503793126e-06,16.772077593953423,100.0,3.920988815618881e-123,True
Single Input Module,Feedback Loop,13,5.825167991806691e-05,2.496045770519034e-06,4.950029718039153e-06,11.263696851023001,100.0,4.1639173469634243e-106,True
Single Input Module,Single Input Module,13,1.1581738791018801e-05,-1.6485285595990381e-06,3.7196644251601275e-06,3.5568443381954515,100.0,5.34985492998402e-58,True
