Feature_Set,Motif,N_Features,Specific_Impact,Random_Mean,Random_Std,Z_Score,Percentile,P_Value,Significant
Feedback Loop,Cascade,43,-1.762596857405102e-06,1.4824346460132557e-06,4.564549843933595e-06,-0.7109203786505013,35.0,0.005910512759842015,True
Feedback Loop,Feedforward Loop,43,4.917717153151599e-06,1.6410338053446727e-06,2.7258728088224525e-06,1.2020675862797934,90.0,4.667560278036507e-05,True
Feedback Loop,Feedback Loop,43,-0.00040251350105558354,9.183118180394417e-05,0.0002246393501732146,-2.2006148187232073,0.0,1.024711032879725e-08,True
Feedback Loop,Single Input Module,43,7.724528772739976e-06,3.4127297935292103e-07,9.575563172575535e-07,7.710518598564248,100.0,2.1712924835215034e-18,True
Single Input Module,Cascade,3,2.3212670310719974e-06,7.276694145090988e-07,2.3820262743676437e-06,0.6690092522115235,90.0,0.00885859617743344,True
Single Input Module,Feedforward Loop,3,4.782957835320228e-07,4.116389162595545e-07,1.0682601879772438e-06,0.06239759566317209,90.0,0.7885672555072364,False
Single Input Module,Feedback Loop,3,0.00024736846906378866,3.220041943300571e-05,7.324936471029875e-05,2.9374732529322625,100.0,8.59767419179482e-11,True
Single Input Module,Single Input Module,3,-5.715113299072179e-07,-3.5504596340401885e-08,2.776607383972451e-07,-1.9304376148418907,5.0,7.84994142592099e-08,True
