{
  "train": {
    "unknown": {
      "num_graphs": 3884,
      "mean_masked_mse": 0.00588070004802109,
      "std_masked_mse": 0.00805023719872571
    }
  },
  "val": {
    "unknown": {
      "num_graphs": 481,
      "mean_masked_mse": 0.006022289147316819,
      "std_masked_mse": 0.008828676223041622
    }
  },
  "test": {
    "unknown": {
      "num_graphs": 488,
      "mean_masked_mse": 0.005036146282875609,
      "std_masked_mse": 0.006861526162329661
    }
  }
}