{
  "feedforward_loop": {
    "mse": [
      0.004518541507422924,
      0.00538194365799427,
      0.0049009970389306545,
      0.004029582720249891,
      0.005694173276424408,
      0.004458361770957708,
      0.0071059465408325195,
      0.00376703729853034,
      0.0038112832698971033,
      0.003931493032723665,
      0.004860872868448496,
      0.0013665773440152407,
      0.004664572887122631,
      0.00298118288628757,
      0.004671182949095964,
      0.0061218771152198315,
      0.005141230300068855,
      0.005643075797706842,
      0.0033529966603964567,
      0.0021348423324525356,
      0.0018782417755573988,
      0.006017529871314764,
      0.004551301710307598,
      0.0026062263641506433,
      0.0027629672549664974,
      0.007785988971590996,
      0.0027210747357457876,
      0.0033721430227160454,
      0.006291830446571112,
      0.004646568559110165,
      0.002089710673317313,
      0.0019766916520893574
    ],
    "mae": [
      0.0408756248652935,
      0.04557860642671585,
      0.04953031241893768,
      0.04330039024353027,
      0.0494157075881958,
      0.04639768600463867,
      0.057278286665678024,
      0.04292379692196846,
      0.042384855449199677,
      0.04442445561289787,
      0.0511615052819252,
      0.025816354900598526,
      0.049815163016319275,
      0.03935762867331505,
      0.04735133796930313,
      0.056318674236536026,
      0.04910692572593689,
      0.04948157072067261,
      0.04362136125564575,
      0.03143169730901718,
      0.030278708785772324,
      0.05407388508319855,
      0.047392163425683975,
      0.038392696529626846,
      0.03978190943598747,
      0.060718998312950134,
      0.03754095733165741,
      0.04051484167575836,
      0.05964359641075134,
      0.0494491271674633,
      0.031139051541686058,
      0.032200176268815994
    ],
    "mean_mse": 0.004226188946631737,
    "mean_mae": 0.04458431416423991,
    "std_mse": 0.0015643505231653255,
    "std_mae": 0.008524228322934405
  },
  "feedback_loop": {
    "mse": [
      0.003145101945847273,
      0.0028846682980656624,
      0.003022196236997843,
      0.0015839431434869766,
      0.0025377252604812384,
      0.004072399809956551,
      0.0029352670535445213,
      0.003125813789665699,
      0.005230157170444727,
      0.0025772289372980595,
      0.0035348401870578527,
      0.003149977419525385,
      0.004278462380170822,
      0.0023847059346735477,
      0.00522671639919281,
      0.0027622911147773266,
      0.002417593030259013,
      0.003909249324351549,
      0.002807466546073556,
      0.0027904279995709658,
      0.004152755718678236,
      0.0027430367190390825,
      0.0024586699437350035,
      0.004256721120327711,
      0.003966215066611767,
      0.002532782033085823,
      0.0017820450011640787,
      0.0029620917048305273,
      0.004712000023573637,
      0.004664315842092037,
      0.002644043182954192,
      0.0034932896960526705
    ],
    "mae": [
      0.04085589572787285,
      0.03943626955151558,
      0.038564812391996384,
      0.026506414636969566,
      0.033566590398550034,
      0.04756782203912735,
      0.03910307213664055,
      0.03988693282008171,
      0.053082991391420364,
      0.03716263920068741,
      0.046548325568437576,
      0.03938281163573265,
      0.04863014817237854,
      0.03452781215310097,
      0.057105012238025665,
      0.03781740367412567,
      0.033489760011434555,
      0.04390345513820648,
      0.03716519847512245,
      0.03662475571036339,
      0.048629678785800934,
      0.03778872266411781,
      0.03907286748290062,
      0.050712451338768005,
      0.047358833253383636,
      0.03580525144934654,
      0.029039831832051277,
      0.039668865501880646,
      0.05085420235991478,
      0.05113443359732628,
      0.040831033140420914,
      0.046106211841106415
    ],
    "mean_mse": 0.003273256188549567,
    "mean_mae": 0.04149782832246274,
    "std_mse": 0.0009142099873927978,
    "std_mae": 0.007028723145198868
  },
  "single_input_module": {
    "mse": [
      0.0017493347404524684,
      0.0031523413490504026,
      0.0023601483553647995,
      0.008690749295055866,
      0.006971629802137613,
      0.002777291228994727,
      0.005884877406060696,
      0.002353749703615904,
      0.007075195200741291,
      0.00538683170452714,
      0.00653067184612155,
      0.002578959334641695,
      0.0034045714419335127,
      0.005455974955111742,
      0.0062103597447276115,
      0.008135052397847176,
      0.004748187493532896,
      0.004145925864577293,
      0.003565529128536582,
      0.006120964884757996,
      0.0021693496964871883,
      0.003971762955188751,
      0.0028740712441504,
      0.0031458118464797735,
      0.001910728751681745,
      0.0033468229230493307,
      0.002019293839111924,
      0.006832023151218891,
      0.0046239010989665985,
      0.0028649945743381977,
      0.003748936578631401,
      0.006948135327547789
    ],
    "mae": [
      0.02186226285994053,
      0.030214911326766014,
      0.025670934468507767,
      0.052539873868227005,
      0.04609370976686478,
      0.02824627049267292,
      0.0397220104932785,
      0.02784883603453636,
      0.04385017231106758,
      0.041263602674007416,
      0.037005286663770676,
      0.023012064397335052,
      0.03187394142150879,
      0.04280649125576019,
      0.042440369725227356,
      0.049369990825653076,
      0.03965475410223007,
      0.037494368851184845,
      0.029933029785752296,
      0.03565129637718201,
      0.026282012462615967,
      0.030035365372896194,
      0.027198253199458122,
      0.026354797184467316,
      0.026679210364818573,
      0.03410445526242256,
      0.02423001453280449,
      0.04199720919132233,
      0.0316854864358902,
      0.030256597325205803,
      0.0331089049577713,
      0.03978201374411583
    ],
    "mean_mse": 0.00442981805827003,
    "mean_mae": 0.034320890554226935,
    "std_mse": 0.0019621459870318913,
    "std_mae": 0.007906805615719305
  },
  "cascade": {
    "mse": [
      0.004649078939110041,
      0.004412071779370308,
      0.0028231313917785883,
      0.003547625383362174,
      0.004438869655132294,
      0.00455829780548811,
      0.004442539531737566,
      0.003970905672758818,
      0.005858970806002617,
      0.004003741778433323,
      0.0055312300100922585,
      0.004203961230814457,
      0.004153493791818619,
      0.003930735867470503,
      0.004619969986379147,
      0.005319733172655106,
      0.002584580099210143,
      0.003754071891307831,
      0.004431866575032473,
      0.005953478626906872,
      0.004634537268429995,
      0.005555410869419575,
      0.00469141686335206,
      0.0035252501256763935,
      0.004267207346856594,
      0.0038445612881332636,
      0.004410656169056892,
      0.004402932710945606,
      0.005238983314484358,
      0.005119390785694122,
      0.004640433471649885,
      0.002482559997588396
    ],
    "mae": [
      0.055231329053640366,
      0.05030728504061699,
      0.042746640741825104,
      0.04645276442170143,
      0.05089572072029114,
      0.05319436267018318,
      0.05556340888142586,
      0.051463425159454346,
      0.06764461100101471,
      0.051020316779613495,
      0.05819670483469963,
      0.05221497640013695,
      0.047253869473934174,
      0.049847058951854706,
      0.05219894275069237,
      0.05566413328051567,
      0.03667102009057999,
      0.04871056601405144,
      0.05639593303203583,
      0.06683593988418579,
      0.0524541512131691,
      0.056311119347810745,
      0.05444708094000816,
      0.04651421308517456,
      0.05513456463813782,
      0.04888761788606644,
      0.05547967553138733,
      0.05339531973004341,
      0.053561072796583176,
      0.054355986416339874,
      0.05860092118382454,
      0.03937117010354996
    ],
    "mean_mse": 0.004375052943942137,
    "mean_mae": 0.05240693443920463,
    "std_mse": 0.0008271992099239833,
    "std_mae": 0.006248843117685497
  }
}