{
  "train": {
    "cascade": {
      "num_graphs": 721,
      "mean_masked_mse": 0.003370663596337001,
      "std_masked_mse": 0.003709185291783159
    },
    "feedback_loop": {
      "num_graphs": 717,
      "mean_masked_mse": 0.00545514379570498,
      "std_masked_mse": 0.0040566743755079794
    },
    "feedforward_loop": {
      "num_graphs": 683,
      "mean_masked_mse": 0.005125827434189848,
      "std_masked_mse": 0.006605269223127628
    },
    "single_input_module": {
      "num_graphs": 709,
      "mean_masked_mse": 0.0031717956038583147,
      "std_masked_mse": 0.007446237136263827
    }
  },
  "val": {
    "cascade": {
      "num_graphs": 91,
      "mean_masked_mse": 0.0037601217836809057,
      "std_masked_mse": 0.003935114129607067
    },
    "feedback_loop": {
      "num_graphs": 93,
      "mean_masked_mse": 0.005907897408726195,
      "std_masked_mse": 0.004299304403327758
    },
    "feedforward_loop": {
      "num_graphs": 90,
      "mean_masked_mse": 0.005885222953563445,
      "std_masked_mse": 0.008948967218213996
    },
    "single_input_module": {
      "num_graphs": 92,
      "mean_masked_mse": 0.0028536316847443907,
      "std_masked_mse": 0.006180613679892904
    }
  },
  "test": {
    "cascade": {
      "num_graphs": 94,
      "mean_masked_mse": 0.003561296184338342,
      "std_masked_mse": 0.003828101517577656
    },
    "feedback_loop": {
      "num_graphs": 92,
      "mean_masked_mse": 0.0052346963633145,
      "std_masked_mse": 0.004184632548256608
    },
    "feedforward_loop": {
      "num_graphs": 87,
      "mean_masked_mse": 0.004349579585250049,
      "std_masked_mse": 0.006201711301298771
    },
    "single_input_module": {
      "num_graphs": 87,
      "mean_masked_mse": 0.004852677750902657,
      "std_masked_mse": 0.011672180154938868
    }
  }
}