{
  "feedforward_loop": {
    "mse": [
      0.003215332282707095,
      0.005305863916873932,
      0.005601563025265932,
      0.004149782937020063,
      0.007432462181895971,
      0.006791321095079184,
      0.006598666775971651,
      0.003410662990063429,
      0.003973868675529957,
      0.003911356441676617,
      0.004653791431337595,
      0.0035307409707456827,
      0.003495465498417616,
      0.0031898205634206533,
      0.0027257422916591167,
      0.0047253030352294445,
      0.0050482614897191525,
      0.004551536403596401,
      0.004909195471554995,
      0.003240126883611083,
      0.0036727634724229574,
      0.005921029485762119,
      0.003763637039810419,
      0.004118798300623894,
      0.003659486537799239,
      0.006293118000030518,
      0.004501131363213062,
      0.001915124710649252,
      0.004608519375324249,
      0.0039008441381156445,
      0.002363339764997363,
      0.003830521833151579
    ],
    "mae": [
      0.04750723019242287,
      0.056927237659692764,
      0.06028279289603233,
      0.052811745554208755,
      0.07292907685041428,
      0.06826823949813843,
      0.06318376213312149,
      0.04430080205202103,
      0.047164902091026306,
      0.051799193024635315,
      0.05219440907239914,
      0.05359915271401405,
      0.04730672761797905,
      0.04336050897836685,
      0.0379142090678215,
      0.055585864931344986,
      0.05669901520013809,
      0.049364637583494186,
      0.05911100655794144,
      0.048282790929079056,
      0.04931924119591713,
      0.06083985045552254,
      0.04674307256937027,
      0.05262931436300278,
      0.0504608228802681,
      0.063108891248703,
      0.054618485271930695,
      0.03590729832649231,
      0.05600428953766823,
      0.05155973136425018,
      0.03966614976525307,
      0.053304169327020645
    ],
    "mean_mse": 0.004344036824477371,
    "mean_mae": 0.05258608190342784,
    "std_mse": 0.0012654747056682727,
    "std_mae": 0.008085773184242228
  },
  "feedback_loop": {
    "mse": [
      0.0023872980382293463,
      0.0019424387719482183,
      0.0026573343202471733,
      0.002062337938696146,
      0.0023087728768587112,
      0.0029157972894608974,
      0.002603616565465927,
      0.002731440356001258,
      0.003084654686972499,
      0.0021006520837545395,
      0.0028798466082662344,
      0.002743527526035905,
      0.003346419194713235,
      0.0019756429828703403,
      0.00437953881919384,
      0.002107722219079733,
      0.002381684957072139,
      0.002451008651405573,
      0.0027314245235174894,
      0.0029505339916795492,
      0.002127992222085595,
      0.0023515140637755394,
      0.002304596360772848,
      0.0031206642743200064,
      0.002629525726661086,
      0.0024021072313189507,
      0.0020705335773527622,
      0.002588567789644003,
      0.00270971585996449,
      0.003099869005382061,
      0.0022501861676573753,
      0.0013112380402162671
    ],
    "mae": [
      0.04121571034193039,
      0.03836248815059662,
      0.04303203523159027,
      0.040444642305374146,
      0.03958512842655182,
      0.0446629524230957,
      0.04445813596248627,
      0.042987704277038574,
      0.04761698096990585,
      0.04019629582762718,
      0.046584755182266235,
      0.04394610971212387,
      0.04890374094247818,
      0.037971578538417816,
      0.05833304300904274,
      0.03813819959759712,
      0.04303620010614395,
      0.04075772315263748,
      0.044806815683841705,
      0.04750599339604378,
      0.0364886075258255,
      0.04070499911904335,
      0.041857555508613586,
      0.04549001157283783,
      0.0438564270734787,
      0.043865054845809937,
      0.04104628413915634,
      0.04428238049149513,
      0.04243677482008934,
      0.0437784418463707,
      0.04033450409770012,
      0.029757238924503326
    ],
    "mean_mse": 0.002553381335019367,
    "mean_mae": 0.04270139103755355,
    "std_mse": 0.0005320970804037989,
    "std_mae": 0.004612593173401765
  },
  "single_input_module": {
    "mse": [
      0.005432178266346455,
      0.009178325533866882,
      0.007077720947563648,
      0.009390568360686302,
      0.006815882865339518,
      0.007812732830643654,
      0.007184997666627169,
      0.006209269631654024,
      0.012471934780478477,
      0.008410245180130005,
      0.008906551636755466,
      0.005909046158194542,
      0.01007961668074131,
      0.009041243232786655,
      0.010777025483548641,
      0.01315007172524929,
      0.010401543229818344,
      0.008269391022622585,
      0.008139763958752155,
      0.01050852332264185,
      0.009485350921750069,
      0.006129676476120949,
      0.005745328962802887,
      0.007337719202041626,
      0.006655838806182146,
      0.006519045680761337,
      0.005321717821061611,
      0.011153463274240494,
      0.010971928015351295,
      0.010082121938467026,
      0.0076288944110274315,
      0.005776347126811743
    ],
    "mae": [
      0.05560748279094696,
      0.07033874094486237,
      0.05725187435746193,
      0.07274162024259567,
      0.06306318938732147,
      0.06792031973600388,
      0.06352075934410095,
      0.05250582471489906,
      0.08467176556587219,
      0.07201595604419708,
      0.06543658673763275,
      0.0577634796500206,
      0.07654982805252075,
      0.07399685680866241,
      0.07145437598228455,
      0.0839877650141716,
      0.0743279755115509,
      0.06682185083627701,
      0.06833630055189133,
      0.07318992167711258,
      0.07793648540973663,
      0.05583309009671211,
      0.055511247366666794,
      0.05927719920873642,
      0.06075423210859299,
      0.057986628264188766,
      0.051997505128383636,
      0.07654062658548355,
      0.07605866342782974,
      0.0719851702451706,
      0.06550600379705429,
      0.05639514699578285
    ],
    "mean_mse": 0.0083741895359708,
    "mean_mae": 0.06679013976827264,
    "std_mse": 0.002086749437463643,
    "std_mae": 0.008957481692452064
  },
  "cascade": {
    "mse": [
      0.0031427505891770124,
      0.0034085132647305727,
      0.0033678237814456224,
      0.0024717620108276606,
      0.003083165269345045,
      0.0031150137074291706,
      0.0020922780968248844,
      0.002029332797974348,
      0.002121737226843834,
      0.003168752184137702,
      0.002646735170856118,
      0.0037019681185483932,
      0.0023668711073696613,
      0.002423305995762348,
      0.0032542208209633827,
      0.0026574013754725456,
      0.0016356168780475855,
      0.0030534558463841677,
      0.003793166484683752,
      0.0022561487276107073,
      0.0027489280328154564,
      0.003255315823480487,
      0.0020112069323658943,
      0.0026392361614853144,
      0.0032364886719733477,
      0.002934310119599104,
      0.003607723629102111,
      0.0032506934367120266,
      0.003837064141407609,
      0.0034888123627752066,
      0.0037758355028927326,
      0.0025226199068129063
    ],
    "mae": [
      0.04444383084774017,
      0.04685024917125702,
      0.04705945402383804,
      0.04220188409090042,
      0.043729037046432495,
      0.043570227921009064,
      0.03837231919169426,
      0.03857779502868652,
      0.03774046525359154,
      0.04718503728508949,
      0.04150216653943062,
      0.05127944052219391,
      0.03966256603598595,
      0.042291343212127686,
      0.0506126694381237,
      0.041742753237485886,
      0.03502356633543968,
      0.047699928283691406,
      0.05265677720308304,
      0.039563070982694626,
      0.04286234825849533,
      0.046311501413583755,
      0.03453546017408371,
      0.044064898043870926,
      0.04817788675427437,
      0.04580077901482582,
      0.04961848258972168,
      0.04770690202713013,
      0.04627561196684837,
      0.049368735402822495,
      0.05338463559746742,
      0.03963012248277664
    ],
    "mean_mse": 0.002909320442995522,
    "mean_mae": 0.04435943579301238,
    "std_mse": 0.0005863639046816265,
    "std_mae": 0.004839635825311318
  }
}