{
  "train_loss": [
    0.16702668592333794,
    0.10272240675985814,
    0.06165491934865713,
    0.03681405471637845,
    0.020243943314999343,
    0.011852910593152046,
    0.00740003177896142,
    0.005331636848859489,
    0.004365009251050651,
    0.0041043741954490546,
    0.004164170323638246,
    0.0037337544723413884,
    0.003812225260771811,
    0.003912616203306243,
    0.004010870460188016,
    0.003973444522125646,
    0.003753411326324567,
    0.0039001037424895913,
    0.003726942570647225,
    0.003930657810997218
  ],
  "val_loss": [
    0.16433519698106325,
    0.10199936880515172,
    0.06275084528785485,
    0.03659166137759502,
    0.021233908975353606,
    0.011798203349686585,
    0.0068891308485315396,
    0.005148999124335555,
    0.004852254212332459,
    0.0038912765717563722,
    0.003807045788002702,
    0.003877866046073345,
    0.003603317944977719,
    0.0035645768870241367,
    0.0036367429599452475,
    0.003797831067528862,
    0.004301452006285007,
    0.0043664894854793185,
    0.003694748846240915,
    0.003571193405570319
  ],
  "test_loss": [
    0.16947839924922356,
    0.1043685542849394,
    0.06271719072873776,
    0.03813047678424762,
    0.020898734577573262,
    0.012218891857908322,
    0.008120292833504768,
    0.005610830777396376,
    0.004807093789657721,
    0.004046559745732408,
    0.004482427397026465,
    0.0032459471840411425,
    0.0036651854439137075,
    0.0043195370011604745,
    0.004073871693645532,
    0.003112887847237289,
    0.0037848919343489865,
    0.004295340775010677,
    0.0036648563109338284,
    0.0037513190450576637
  ],
  "train_mse": [
    0.16702668592333794,
    0.10272240675985814,
    0.06165491934865713,
    0.03681405471637845,
    0.020243943314999343,
    0.011852910593152046,
    0.00740003177896142,
    0.005331636848859489,
    0.004365009251050651,
    0.0041043741954490546,
    0.004164170323638246,
    0.0037337544723413884,
    0.003812225260771811,
    0.003912616203306243,
    0.004010870460188016,
    0.003973444522125646,
    0.003753411326324567,
    0.0039001037424895913,
    0.003726942570647225,
    0.003930657810997218
  ],
  "val_mse": [
    0.16433519698106325,
    0.10199936880515172,
    0.06275084528785485,
    0.03659166137759502,
    0.021233908975353606,
    0.011798203349686585,
    0.0068891308485315396,
    0.005148999124335555,
    0.004852254212332459,
    0.0038912765717563722,
    0.003807045788002702,
    0.003877866046073345,
    0.003603317944977719,
    0.0035645768870241367,
    0.0036367429599452475,
    0.003797831067528862,
    0.004301452006285007,
    0.0043664894854793185,
    0.003694748846240915,
    0.003571193405570319
  ],
  "test_mse": [
    0.16947839924922356,
    0.1043685542849394,
    0.06271719072873776,
    0.03813047678424762,
    0.020898734577573262,
    0.012218891857908322,
    0.008120292833504768,
    0.005610830777396376,
    0.004807093789657721,
    0.004046559745732408,
    0.004482427397026465,
    0.0032459471840411425,
    0.0036651854439137075,
    0.0043195370011604745,
    0.004073871693645532,
    0.003112887847237289,
    0.0037848919343489865,
    0.004295340775010677,
    0.0036648563109338284,
    0.0037513190450576637
  ],
  "train_mae": [
    0.4034599831700325,
    0.3142987179756165,
    0.24040599808096885,
    0.18145698711276054,
    0.12970114581286907,
    0.09512539364397526,
    0.07194269739091397,
    0.0576201032474637,
    0.0488143671490252,
    0.044824721775949004,
    0.04424659762531519,
    0.04134732456877828,
    0.04210306836292148,
    0.04243960957974195,
    0.04301163051277399,
    0.04255266113206744,
    0.04131350886076689,
    0.04198559951037169,
    0.04084477568045258,
    0.041696440670639275
  ],
  "val_mae": [
    0.3998918395776015,
    0.3129125558412992,
    0.24263670238164756,
    0.18069230020046234,
    0.13281112221571115,
    0.09489128566705264,
    0.07064232058249988,
    0.05798666694989571,
    0.05409244705851261,
    0.04395873787311407,
    0.04293176875664638,
    0.042008960619568825,
    0.03952448227657722,
    0.040707575873686716,
    0.04013469385413023,
    0.04187868650142963,
    0.045458680018782616,
    0.04561800337754763,
    0.040859997988893434,
    0.040516911361079946
  ],
  "test_mae": [
    0.4061504533657661,
    0.3171566357979408,
    0.24291775089043838,
    0.18450821019135988,
    0.1347660216001364,
    0.09747994863069974,
    0.0757153183221817,
    0.059316699321453385,
    0.05106767181020517,
    0.04527859762310982,
    0.04676637569299111,
    0.03907228003327663,
    0.04065448246323145,
    0.04505080658082779,
    0.043381671922711224,
    0.03834117476183634,
    0.04162671990119494,
    0.045120837596746594,
    0.039979056240274355,
    0.04067870516043443
  ]
}