{
  "model_type": "GCN",
  "train_loss": [
    0.05944729687646031,
    0.007669099317863584,
    0.004554242193698883,
    0.004275727570056915,
    0.004264128543436527,
    0.004257740126922727,
    0.004265842214226723,
    0.004279275042936206,
    0.004264361439272762,
    0.004258850831538439,
    0.004265623325482011,
    0.004265479706227779,
    0.004263121392577887,
    0.004262490002438426,
    0.0042898321058601144,
    0.004252375029027462,
    0.004265307355672121,
    0.004270806638523936,
    0.004269583215937019,
    0.004280090089887381,
    0.004271613834425807,
    0.004264273438602686,
    0.004274390637874603,
    0.004261554330587387,
    0.004265781342983246,
    0.004268861403688789,
    0.004262405671179295,
    0.004261045688763261,
    0.004268467277288437,
    0.004280494870617986,
    0.004263558760285378,
    0.004301311299204826,
    0.004270620048046112,
    0.004266387550160289,
    0.004270914671942592,
    0.004298766190186143,
    0.004292263323441148,
    0.004266355223953724,
    0.004261637544259429,
    0.004276735419407487,
    0.004266929673030972,
    0.004268345283344388,
    0.004278237326070666,
    0.0042769013531506065,
    0.004276647977530956,
    0.004268273189663887
  ],
  "val_loss": [
    0.016229984583333135,
    0.0059561318485066295,
    0.005307946586981416,
    0.005213234573602676,
    0.005201579537242651,
    0.0052098751766607165,
    0.005239326856099069,
    0.00522440648637712,
    0.00521460734307766,
    0.005206592264585197,
    0.005212909076362848,
    0.005237389821559191,
    0.005215179524384439,
    0.005202357075177133,
    0.0052034892141819,
    0.005240816506557167,
    0.005241651786491275,
    0.005207028705626726,
    0.0052007806953042746,
    0.005208058399148285,
    0.005199649836868048,
    0.005199867417104542,
    0.005205185734666884,
    0.005206065136007965,
    0.005207797861658037,
    0.005209703580476344,
    0.0052370751509442925,
    0.005202671862207353,
    0.0052071824902668595,
    0.005207636626437306,
    0.005230035982094705,
    0.0052037667483091354,
    0.005202145664952695,
    0.0052025309996679425,
    0.005280866753309965,
    0.005221765022724867,
    0.005202937521971762,
    0.005200758925639093,
    0.005211209296248853,
    0.005213714437559247,
    0.005226108827628195,
    0.005243471241556108,
    0.005200518644414842,
    0.005215701414272189,
    0.005278977914713323,
    0.005217921221628785
  ],
  "best_val_loss": 0.005199649836868048,
  "best_epoch": 21,
  "test_loss": 0.00426575425080955
}