{
  "model_type": "GCN",
  "train_loss": [
    0.12641650155186654,
    0.012758880518376828,
    0.004201276199892163,
    0.0039230052288621664,
    0.00381458243355155,
    0.0038035133108496664,
    0.0038379809446632863,
    0.0038085126131772993,
    0.003805907592177391,
    0.003817078033462167,
    0.003790992069989443,
    0.0037837297562509776,
    0.0037751359026879073,
    0.0037879465986043214,
    0.003789145788177848,
    0.0037698431964963675,
    0.0037934441305696965,
    0.003770345272496343,
    0.0037625117599964144,
    0.003796998746693134,
    0.0037482120655477047,
    0.003759772991761565,
    0.003781365118920803,
    0.0038010483980178834,
    0.0037827856000512837,
    0.0038007551990449427,
    0.0037976909801363946,
    0.003773963777348399,
    0.003780512297526002,
    0.0037694920785725115,
    0.003796647870913148,
    0.0037978054210543633,
    0.0037724388390779494,
    0.0037757293693721295,
    0.003792632780969143,
    0.0037817366886883975,
    0.003787927618250251,
    0.0037696751579642295,
    0.00375134002417326,
    0.0037721540592610837,
    0.0037767123989760876,
    0.0038278416637331247,
    0.0037825134675949813,
    0.0037798721343278883,
    0.003777625244110823,
    0.0037920295633375647,
    0.0037578553799539807,
    0.0038051314745098353,
    0.0037723681330680847,
    0.0037957364041358234,
    0.0037881766166538,
    0.003802740825340152,
    0.003766793580725789,
    0.003805825766175985,
    0.003795424532145262,
    0.0037851914297789336,
    0.0037674897629767657,
    0.0037711275462061168,
    0.0037683617044240235,
    0.0038113149441778658,
    0.0037775298580527304,
    0.0038080518878996373,
    0.0037726163677871227
  ],
  "val_loss": [
    0.03397209197282791,
    0.004761683405376971,
    0.004912252421490848,
    0.004592819313984364,
    0.004541220318060368,
    0.004526574688497931,
    0.00453781196847558,
    0.004572953504975885,
    0.004511056235060096,
    0.00452346372185275,
    0.004519766895100474,
    0.004498823895119131,
    0.004516834276728332,
    0.004567327559925616,
    0.004547783464659005,
    0.00453484890749678,
    0.004572617879603058,
    0.0045085810124874115,
    0.0045276948949322104,
    0.004543111484963447,
    0.004508866637479514,
    0.004503574222326279,
    0.0045285538653843105,
    0.004529699159320444,
    0.004558055370580405,
    0.0044921995140612125,
    0.00453682424267754,
    0.004524276882875711,
    0.004525570722762495,
    0.004540146328508854,
    0.004524475545622408,
    0.004540033696684986,
    0.0044931984157301486,
    0.004479486204218119,
    0.004516887885984033,
    0.004562007496133447,
    0.004542911541648209,
    0.004475597059354186,
    0.004486056161113083,
    0.00459594331914559,
    0.004487898200750351,
    0.004520411719568074,
    0.0045036873780190945,
    0.004541681089904159,
    0.004555552557576448,
    0.00452421436784789,
    0.0045365518308244646,
    0.004493723623454571,
    0.004531837243121117,
    0.004511591920163482,
    0.004661626182496548,
    0.004507522622589022,
    0.004569503769744188,
    0.0045984177850186825,
    0.0045881199184805155,
    0.004528423654846847,
    0.00455340719781816,
    0.00449793814914301,
    0.004605402529705316,
    0.004542273178230971,
    0.004511325561907142,
    0.004497120447922498,
    0.004519653040915728
  ],
  "best_val_loss": 0.004475597059354186,
  "best_epoch": 38,
  "test_loss": 0.0037287232698872685
}