{
  "train_loss": [
    0.042838750258088115,
    0.008464996605180203,
    0.005219668091740459,
    0.005260278976056725,
    0.005276899535674602,
    0.005127099126111716,
    0.005131368300644681,
    0.005241505319718271,
    0.0048854685924015935,
    0.005053476064931601,
    0.004927793542155996,
    0.005211271482985467,
    0.005019118115305901,
    0.004624387889634818,
    0.004973011763067916,
    0.0050046669854782525,
    0.004867508462630212,
    0.004549932002555579,
    0.004699187113437801,
    0.0044050275767222044
  ],
  "val_loss": [
    0.04495934167733559,
    0.008329389222825948,
    0.005606867390899704,
    0.0056109467091468666,
    0.005666669655161409,
    0.00606361053024347,
    0.004933452018751548,
    0.0060155889413391166,
    0.005523815142134061,
    0.005070145904588012,
    0.005854050987041914,
    0.004861198938809908,
    0.00543909937214966,
    0.005023382747402558,
    0.005838803463400557,
    0.004796261433511972,
    0.004206458840949031,
    0.005749005985517914,
    0.0053571894621619815,
    0.004975192069720764
  ],
  "test_loss": [
    0.04352473123715474,
    0.00871496475659884,
    0.004618809433080829,
    0.005478268507151649,
    0.005154211718875628,
    0.0056699820829985235,
    0.00572216092573049,
    0.004809165068973715,
    0.00514022776713738,
    0.004597683078967608,
    0.004885987092096072,
    0.005101483601790208,
    0.005449822933699649,
    0.0052126723771485,
    0.005228350404649973,
    0.004887150152801321,
    0.00536089026942276,
    0.004626085175774419,
    0.004939138871402695,
    0.004082608985929535
  ],
  "train_mse": [
    0.042838750258088115,
    0.008464996605180203,
    0.005219668091740459,
    0.005260278976056725,
    0.005276899535674602,
    0.005127099126111716,
    0.005131368300644681,
    0.005241505319718271,
    0.0048854685924015935,
    0.005053476064931601,
    0.004927793542155996,
    0.005211271482985467,
    0.005019118115305901,
    0.004624387889634818,
    0.004973011763067916,
    0.0050046669854782525,
    0.004867508462630212,
    0.004549932002555579,
    0.004699187113437801,
    0.0044050275767222044
  ],
  "val_mse": [
    0.04495934167733559,
    0.008329389222825948,
    0.005606867390899704,
    0.0056109467091468666,
    0.005666669655161409,
    0.00606361053024347,
    0.004933452018751548,
    0.0060155889413391166,
    0.005523815142134061,
    0.005070145904588012,
    0.005854050987041914,
    0.004861198938809908,
    0.00543909937214966,
    0.005023382747402558,
    0.005838803463400557,
    0.004796261433511972,
    0.004206458840949031,
    0.005749005985517914,
    0.0053571894621619815,
    0.004975192069720764
  ],
  "test_mse": [
    0.04352473123715474,
    0.00871496475659884,
    0.004618809433080829,
    0.005478268507151649,
    0.005154211718875628,
    0.0056699820829985235,
    0.00572216092573049,
    0.004809165068973715,
    0.00514022776713738,
    0.004597683078967608,
    0.004885987092096072,
    0.005101483601790208,
    0.005449822933699649,
    0.0052126723771485,
    0.005228350404649973,
    0.004887150152801321,
    0.00536089026942276,
    0.004626085175774419,
    0.004939138871402695,
    0.004082608985929535
  ],
  "train_mae": [
    0.1791972614824772,
    0.06665249694138765,
    0.05658999659121036,
    0.05540686946362257,
    0.05541419534012675,
    0.05591060396283865,
    0.0534740000218153,
    0.054453738033771515,
    0.05394946683198214,
    0.05332526560872793,
    0.05487935703247786,
    0.05546301405876875,
    0.05477041520178318,
    0.0532133224979043,
    0.053628038167953494,
    0.05524188868701458,
    0.05279524646699429,
    0.052961232140660286,
    0.053135854005813596,
    0.05107647489756346
  ],
  "val_mae": [
    0.18408284508264983,
    0.06653113032762821,
    0.057210550285302676,
    0.05627461264912899,
    0.056194451852486685,
    0.05948859309920898,
    0.0519158705495871,
    0.057986694746292554,
    0.056619785439509615,
    0.05303054560835545,
    0.058389753103256226,
    0.05514466447325853,
    0.05538543285085605,
    0.05460265536720936,
    0.056843189092782825,
    0.054900530439156756,
    0.049525366379664496,
    0.058222891619572274,
    0.054643766524700016,
    0.053632888942956924
  ],
  "test_mae": [
    0.18542710749002603,
    0.06813761018789731,
    0.05490307337962664,
    0.05670956837443205,
    0.05504290358378337,
    0.057729096366808966,
    0.05542146758391307,
    0.05284395212164292,
    0.05379248410463333,
    0.050864702807022974,
    0.05435071111871646,
    0.054662309013880216,
    0.05613883813986412,
    0.056078569820294015,
    0.05498709243077498,
    0.055525160752809964,
    0.05500377227480595,
    0.05250769996872315,
    0.05342103856114241,
    0.04912675773868194
  ]
}