{
  "train_loss": [
    0.19779608643054963,
    0.11499276798963547,
    0.06183793810009956,
    0.032554072961211204,
    0.016926705002784728,
    0.010113152232021094,
    0.00741881712898612,
    0.006262725051492453,
    0.006070997370406985,
    0.006038039222359657,
    0.005991453006863594,
    0.005815132457762957,
    0.005950433798134327,
    0.0057976996097713705,
    0.00596108895726502,
    0.006021828945726156,
    0.005715542996302247,
    0.0058014191444963215,
    0.0058215630576014515,
    0.005887781495228409,
    0.005867094168439508,
    0.005924026843160391,
    0.005661938495934009,
    0.005819510295987129
  ],
  "val_loss": [
    0.15173964202404022,
    0.0829211138188839,
    0.04464113223366439,
    0.022777224075980484,
    0.012613788072485477,
    0.009164485934888944,
    0.006889428390422836,
    0.005930158105911687,
    0.0059936851903330535,
    0.006608281983062625,
    0.00628930056700483,
    0.00610259801032953,
    0.006184128113090992,
    0.005657232250086963,
    0.006674870295682922,
    0.00568764068884775,
    0.006164501915918663,
    0.005724292917875573,
    0.006844818912213668,
    0.00614973233314231,
    0.006410148853319697,
    0.006190153566421941,
    0.005840185171109624,
    0.005916909009101801
  ],
  "best_val_loss": 0.005657232250086963,
  "best_epoch": 14,
  "test_loss": 0.005545230524148792
}